	Genes	log2_fold_change	p_value	-log10_p_value
4	KIF1A	-2.8611451864618864	0.00046121116725613543	3.336100185724688
5	NEFL	-2.8526582944883563	0.0004738167502632422	3.324389590260972
6	NELL2	-2.076763956122353	0.006367536784286344	2.1960285375042865
8	TGFB2	-2.0593603764228336	0.006756537175306159	2.1702758293501203
9	TPPP	-1.95186637765975	0.009730482539252641	2.0118656223279023
10	TUSC3	-2.228472453078545	0.003792418344494148	2.421083761343442
