	Genes	log2_fold_change	p_value	-log10_p_value
0	AZGP1	3.51707734566832	0.007892663343792811	2.102776421336436
1	H2AC6	4.336598184585831	0.004620672310553139	2.335294829742438
2	HLA-B	3.4095696666466995	0.008636353497993274	2.0636695896951642
3	KCNF1	4.213720464573682	0.004931229176384699	2.3070448133831967
7	SMIM3	58.367778426113375	0.0021025317060254594	2.677257446351417
